model,rmse,mae,r2,phm_score
Random Forest,29.696830425933257,23.614984959934745,0.29284824316579094,0.17552945168965378
XGBoost,29.110382080078125,23.48063850402832,0.3205018639564514,0.27481012788086434
