model,rmse,mae,r2,phm_score
Random Forest,23.211568169592088,18.602768703755928,0.5679824485606603,0.07693153353449679
XGBoost,26.12546157836914,21.585111618041992,0.45270639657974243,0.16273346840529268
